Timestamp,UTC,Callsign,Position,Altitude,Speed,Direction
1684672651,2023-05-21T12:37:31Z,CTM1022,"34.431839,132.852844",3475,169,258
1684672659,2023-05-21T12:37:39Z,CTM1022,"34.430511,132.84494",3600,171,258
1684672664,2023-05-21T12:37:44Z,CTM1022,"34.429779,132.840179",3675,172,259
1684672671,2023-05-21T12:37:51Z,CTM1022,"34.428726,132.833344",3775,174,259
1684672677,2023-05-21T12:37:57Z,CTM1022,"34.427753,132.827621",3900,173,258
1684672684,2023-05-21T12:38:04Z,CTM1022,"34.426804,132.822021",4025,173,258
1684672690,2023-05-21T12:38:10Z,CTM1022,"34.425983,132.817154",4175,172,259
1684672696,2023-05-21T12:38:16Z,CTM1022,"34.425194,132.810059",4275,172,262
1684672699,2023-05-21T12:38:19Z,CTM1022,"34.425102,132.807373",4325,172,266
1684672702,2023-05-21T12:38:22Z,CTM1022,"34.425247,132.804413",4350,173,270
1684672705,2023-05-21T12:38:25Z,CTM1022,"34.425518,132.80159",4375,175,278
1684672708,2023-05-21T12:38:28Z,CTM1022,"34.426163,132.798645",4375,177,283
1684672711,2023-05-21T12:38:31Z,CTM1022,"34.427151,132.795929",4400,180,291
1684672714,2023-05-21T12:38:34Z,CTM1022,"34.428452,132.79335",4400,183,299
1684672717,2023-05-21T12:38:37Z,CTM1022,"34.430176,132.790833",4375,186,307
1684672720,2023-05-21T12:38:40Z,CTM1022,"34.432617,132.788269",4375,192,319
1684672723,2023-05-21T12:38:43Z,CTM1022,"34.434586,132.786652",4400,197,328
1684672726,2023-05-21T12:38:46Z,CTM1022,"34.436737,132.785507",4400,200,333
1684672727,2023-05-21T12:38:47Z,CTM1022,"34.437298,132.785278",4400,202,339
1684672731,2023-05-21T12:38:51Z,CTM1022,"34.441956,132.783951",4400,208,348
1684672734,2023-05-21T12:38:54Z,CTM1022,"34.444977,132.783798",4400,214,355
1684672737,2023-05-21T12:38:57Z,CTM1022,"34.446842,132.783905",4425,216,1
1684672739,2023-05-21T12:38:59Z,CTM1022,"34.450699,132.784912",4425,225,12
1684672744,2023-05-21T12:39:04Z,CTM1022,"34.454617,132.786774",4425,230,19
1684672748,2023-05-21T12:39:08Z,CTM1022,"34.459175,132.790039",4450,236,28
1684672752,2023-05-21T12:39:12Z,CTM1022,"34.460449,132.791138",4500,239,34
1684672752,2023-05-21T12:39:12Z,CTM1022,"34.462204,132.792542",4500,239,34
1684672756,2023-05-21T12:39:16Z,CTM1022,"34.464855,132.794952",4550,244,37
1684672759,2023-05-21T12:39:19Z,CTM1022,"34.466583,132.796631",4600,246,38
1684672762,2023-05-21T12:39:22Z,CTM1022,"34.470257,132.800385",4650,249,41
1684672765,2023-05-21T12:39:25Z,CTM1022,"34.473587,132.804138",4700,251,43
1684672768,2023-05-21T12:39:28Z,CTM1022,"34.476215,132.807373",4750,255,45
1684672771,2023-05-21T12:39:31Z,CTM1022,"34.478634,132.810516",4775,258,46
1684672774,2023-05-21T12:39:34Z,CTM1022,"34.480915,132.81366",4825,262,48
1684672777,2023-05-21T12:39:37Z,CTM1022,"34.483978,132.818039",4875,265,49
1684672781,2023-05-21T12:39:41Z,CTM1022,"34.486362,132.821503",4925,270,49
1684672784,2023-05-21T12:39:44Z,CTM1022,"34.488739,132.824875",4950,273,50
1684672787,2023-05-21T12:39:47Z,CTM1022,"34.491253,132.828598",5000,276,50
1684672799,2023-05-21T12:39:59Z,CTM1022,"34.501354,132.843353",5325,282,50
1684672812,2023-05-21T12:40:12Z,CTM1022,"34.511444,132.857895",5800,282,49
1684672824,2023-05-21T12:40:24Z,CTM1022,"34.522293,132.871841",6300,280,45
1684672836,2023-05-21T12:40:36Z,CTM1022,"34.534126,132.885818",6775,279,43
1684672848,2023-05-21T12:40:48Z,CTM1022,"34.544769,132.897751",7150,281,42
1684672860,2023-05-21T12:41:00Z,CTM1022,"34.557121,132.911346",7550,285,42
1684672872,2023-05-21T12:41:12Z,CTM1022,"34.569443,132.924866",7950,288,42
1684672884,2023-05-21T12:41:24Z,CTM1022,"34.58139,132.938095",8350,288,42
1684672895,2023-05-21T12:41:35Z,CTM1022,"34.590828,132.948593",8750,290,42
1684672907,2023-05-21T12:41:47Z,CTM1022,"34.603455,132.962769",9150,291,42
1684672917,2023-05-21T12:41:57Z,CTM1022,"34.613682,132.974228",9425,295,42
1684672930,2023-05-21T12:42:10Z,CTM1022,"34.626717,132.988983",9725,301,43
1684672942,2023-05-21T12:42:22Z,CTM1022,"34.639053,133.002945",10025,307,43
1684672954,2023-05-21T12:42:34Z,CTM1022,"34.649277,133.014557",10350,312,43
1684672966,2023-05-21T12:42:46Z,CTM1022,"34.665207,133.032669",10525,322,43
1684672978,2023-05-21T12:42:58Z,CTM1022,"34.676559,133.045547",10675,331,43
1684672990,2023-05-21T12:43:10Z,CTM1022,"34.691895,133.062927",10825,342,43
1684673002,2023-05-21T12:43:22Z,CTM1022,"34.706314,133.0793",10975,352,43
1684673014,2023-05-21T12:43:34Z,CTM1022,"34.721172,133.096222",11125,362,43
1684673027,2023-05-21T12:43:47Z,CTM1022,"34.736298,133.113434",11300,371,43
1684673039,2023-05-21T12:43:59Z,CTM1022,"34.751587,133.130859",11425,380,43
1684673051,2023-05-21T12:44:11Z,CTM1022,"34.767242,133.148743",11600,389,43
1684673063,2023-05-21T12:44:23Z,CTM1022,"34.783272,133.167053",11875,393,43
1684673075,2023-05-21T12:44:35Z,CTM1022,"34.799744,133.185913",12250,395,43
1684673100,2023-05-21T12:45:00Z,CTM1022,"34.829266,133.226913",12950,402,53
1684673103,2023-05-21T12:45:03Z,CTM1022,"34.832573,133.232513",13025,403,54
1684673106,2023-05-21T12:45:06Z,CTM1022,"34.836182,133.238831",13125,404,54
1684673109,2023-05-21T12:45:09Z,CTM1022,"34.839066,133.243866",13175,404,55
1684673112,2023-05-21T12:45:12Z,CTM1022,"34.842442,133.24968",13250,405,55
1684673144,2023-05-21T12:45:44Z,CTM1022,"34.878067,133.310455",14000,413,54
1684673175,2023-05-21T12:46:15Z,CTM1022,"34.912445,133.369308",14700,421,54
1684673206,2023-05-21T12:46:46Z,CTM1022,"34.947929,133.430038",15375,427,54
1684673237,2023-05-21T12:47:17Z,CTM1022,"34.984005,133.491837",16075,432,54
1684673269,2023-05-21T12:47:49Z,CTM1022,"35.019711,133.553345",16800,436,54
1684673303,2023-05-21T12:48:23Z,CTM1022,"35.06012,133.621948",17375,445,54
1684673333,2023-05-21T12:48:53Z,CTM1022,"35.097267,133.684967",17750,456,54
1684673364,2023-05-21T12:49:24Z,CTM1022,"35.135147,133.749969",18325,462,54
1684673426,2023-05-21T12:50:26Z,CTM1022,"35.212875,133.88298",19600,469,54
1684673489,2023-05-21T12:51:29Z,CTM1022,"35.29303,134.017349",20850,473,54
1684673551,2023-05-21T12:52:31Z,CTM1022,"35.373604,134.155273",21700,486,54
1684673594,2023-05-21T12:53:14Z,CTM1022,"35.425835,134.257309",22400,494,64
1684673597,2023-05-21T12:53:17Z,CTM1022,"35.428574,134.264954",22450,495,66
1684673600,2023-05-21T12:53:20Z,CTM1022,"35.43132,134.272949",22500,496,67
1684673603,2023-05-21T12:53:23Z,CTM1022,"35.433929,134.281082",22550,495,68
1684673606,2023-05-21T12:53:26Z,CTM1022,"35.436813,134.290298",22600,496,69
1684673609,2023-05-21T12:53:29Z,CTM1022,"35.438961,134.297394",22650,497,69
1684673673,2023-05-21T12:54:33Z,CTM1022,"35.493103,134.46582",23500,505,68
1684673734,2023-05-21T12:55:34Z,CTM1022,"35.544914,134.629852",24250,513,68
1684673796,2023-05-21T12:56:36Z,CTM1022,"35.597809,134.799377",25075,517,69
1684673857,2023-05-21T12:57:37Z,CTM1022,"35.649982,134.967911",25900,523,69
1684673920,2023-05-21T12:58:40Z,CTM1022,"35.704357,135.144806",26650,528,69
1684673982,2023-05-21T12:59:42Z,CTM1022,"35.758076,135.320297",27250,535,69
1684674044,2023-05-21T13:00:44Z,CTM1022,"35.811768,135.496841",27775,541,69
1684674108,2023-05-21T13:01:48Z,CTM1022,"35.866497,135.677765",28325,546,69
1684674169,2023-05-21T13:02:49Z,CTM1022,"35.921997,135.862549",28900,550,69
1684674231,2023-05-21T13:03:51Z,CTM1022,"35.975521,136.042236",29625,549,69
1684674293,2023-05-21T13:04:53Z,CTM1022,"36.030315,136.22731",30275,550,69
1684674354,2023-05-21T13:05:54Z,CTM1022,"36.082718,136.405334",31075,546,70
1684674415,2023-05-21T13:06:55Z,CTM1022,"36.134544,136.582901",32125,537,70
1684674475,2023-05-21T13:07:55Z,CTM1022,"36.185009,136.756241",33200,531,70
1684674539,2023-05-21T13:08:59Z,CTM1022,"36.23724,136.936752",34100,529,70
1684674602,2023-05-21T13:10:02Z,CTM1022,"36.28862,137.115845",34975,525,70
1684674664,2023-05-21T13:11:04Z,CTM1022,"36.337234,137.286301",36000,518,70
1684674725,2023-05-21T13:12:05Z,CTM1022,"36.386307,137.459686",36750,515,70
1684674787,2023-05-21T13:13:07Z,CTM1022,"36.435654,137.635117",37000,516,70
1684674860,2023-05-21T13:14:20Z,CTM1022,"36.491833,137.836105",37000,516,70
1684674924,2023-05-21T13:15:24Z,CTM1022,"36.542313,138.017868",37000,519,71
1684674989,2023-05-21T13:16:29Z,CTM1022,"36.592575,138.200104",37000,519,71
1684675051,2023-05-21T13:17:31Z,CTM1022,"36.640755,138.376022",37000,516,71
1684675115,2023-05-21T13:18:35Z,CTM1022,"36.689075,138.553909",37000,517,71
1684675179,2023-05-21T13:19:39Z,CTM1022,"36.738007,138.735062",37000,518,71
1684675241,2023-05-21T13:20:41Z,CTM1022,"36.78447,138.908051",37000,519,71
1684675312,2023-05-21T13:21:52Z,CTM1022,"36.839066,139.112915",37000,521,71
1684675374,2023-05-21T13:22:54Z,CTM1022,"36.885666,139.289139",37000,522,71
1684675438,2023-05-21T13:23:58Z,CTM1022,"36.933941,139.472931",37000,524,71
1684675500,2023-05-21T13:25:00Z,CTM1022,"36.980621,139.652008",37000,524,72
1684675561,2023-05-21T13:26:01Z,CTM1022,"37.025696,139.826218",37000,523,72
1684675622,2023-05-21T13:27:02Z,CTM1022,"37.071396,140.003799",37000,522,72
1684675684,2023-05-21T13:28:04Z,CTM1022,"37.116753,140.181549",37000,524,72
1684675746,2023-05-21T13:29:06Z,CTM1022,"37.161999,140.360016",37000,524,72
1684675808,2023-05-21T13:30:08Z,CTM1022,"37.20697,140.538834",37000,524,72
1684675869,2023-05-21T13:31:09Z,CTM1022,"37.25124,140.715942",37000,524,72
1684675931,2023-05-21T13:32:11Z,CTM1022,"37.295883,140.89566",37000,525,72
1684675993,2023-05-21T13:33:13Z,CTM1022,"37.340015,141.074844",37000,520,72
1684676055,2023-05-21T13:34:15Z,CTM1022,"37.383636,141.253143",37000,519,73
1684676117,2023-05-21T13:35:17Z,CTM1022,"37.427261,141.432907",37000,520,73
1684676179,2023-05-21T13:36:19Z,CTM1022,"37.470547,141.612747",37000,522,73
1684676241,2023-05-21T13:37:21Z,CTM1022,"37.513515,141.792603",37000,522,73
1684676303,2023-05-21T13:38:23Z,CTM1022,"37.555664,141.970184",37000,522,73
1684676364,2023-05-21T13:39:24Z,CTM1022,"37.598568,142.152405",37000,523,73
1684676427,2023-05-21T13:40:27Z,CTM1022,"37.64122,142.3349",37000,525,73
1684676491,2023-05-21T13:41:31Z,CTM1022,"37.68483,142.52301",37000,524,73
1684676551,2023-05-21T13:42:31Z,CTM1022,"37.725037,142.6978",37000,525,73
1684676614,2023-05-21T13:43:34Z,CTM1022,"37.766418,142.879364",37000,527,74
1684676678,2023-05-21T13:44:38Z,CTM1022,"37.810379,143.073105",37000,529,74
1684676740,2023-05-21T13:45:40Z,CTM1022,"37.85046,143.251694",37000,530,74
1684676801,2023-05-21T13:46:41Z,CTM1022,"37.89222,143.439056",37000,531,74
1684676866,2023-05-21T13:47:46Z,CTM1022,"37.935093,143.633224",37000,531,74
1684676930,2023-05-21T13:48:50Z,CTM1022,"37.977131,143.825302",37000,532,74
1684676990,2023-05-21T13:49:50Z,CTM1022,"38.016403,144.00621",37000,532,74
1684677050,2023-05-21T13:50:50Z,CTM1022,"38.055012,144.185638",37000,534,74
1684677112,2023-05-21T13:51:52Z,CTM1022,"38.095325,144.37439",37000,535,74
1684677178,2023-05-21T13:52:58Z,CTM1022,"38.13739,144.573761",37000,535,75
1684677239,2023-05-21T13:53:59Z,CTM1022,"38.175705,144.756088",37000,532,75
1684677301,2023-05-21T13:55:01Z,CTM1022,"38.215477,144.946808",37000,534,75
1684677365,2023-05-21T13:56:05Z,CTM1022,"38.255184,145.139359",37000,535,75
1684677426,2023-05-21T13:57:06Z,CTM1022,"38.296875,145.324234",37000,533,70
1684677488,2023-05-21T13:58:08Z,CTM1022,"38.362488,145.49791",37000,524,59
1684677551,2023-05-21T13:59:11Z,CTM1022,"38.451263,145.651917",37000,511,48
1684677615,2023-05-21T14:00:15Z,CTM1022,"38.557915,145.784607",37000,505,43
1684677677,2023-05-21T14:01:17Z,CTM1022,"38.664707,145.911743",37000,505,43
1684677741,2023-05-21T14:02:21Z,CTM1022,"38.773544,146.041382",37000,505,43
1684677803,2023-05-21T14:03:23Z,CTM1022,"38.879379,146.168137",37000,505,43
1684677866,2023-05-21T14:04:26Z,CTM1022,"38.987686,146.298248",37000,506,43
1684677930,2023-05-21T14:05:30Z,CTM1022,"39.096222,146.429718",37000,507,43
1684677992,2023-05-21T14:06:32Z,CTM1022,"39.202744,146.558929",37000,508,43
1684678129,2023-05-21T14:08:49Z,CTM1022,"39.434189,146.841827",37000,511,43
1684678192,2023-05-21T14:09:52Z,CTM1022,"39.543686,146.976654",37000,512,43
1684678245,2023-05-21T14:10:45Z,CTM1022,"39.634644,147.089081",37000,512,43
1684681158,2023-05-21T14:59:18Z,CTM1022,"44.601746,154.0103",37000,540,47
1684683640,2023-05-21T15:40:40Z,CTM1022,"48.281651,160.687576",37004,487,53
1684685223,2023-05-21T16:07:03Z,CTM1022,"50.180569,165.127258",37008,474,57
1684686375,2023-05-21T16:26:15Z,CTM1022,"51.844826,168.042923",39000,461,47
1684687802,2023-05-21T16:50:02Z,CTM1022,"54.03157,171.194916",39000,460,6
1684688172,2023-05-21T16:56:12Z,CTM1022,"54.708599,171.794312",39000,470,28
1684688406,2023-05-21T17:00:06Z,CTM1022,"55.128471,172.264069",39000,460,36
1684688645,2023-05-21T17:04:05Z,CTM1022,"55.515572,172.843658",39000,450,42
1684688699,2023-05-21T17:04:59Z,CTM1022,"55.604771,173.006302",39000,450,40
1684688838,2023-05-21T17:07:18Z,CTM1022,"55.806919,173.33078",39000,440,40
1684689255,2023-05-21T17:14:15Z,CTM1022,"56.463547,174.516968",39000,447,42
1684690407,2023-05-21T17:33:27Z,CTM1022,"58.138275,177.642578",39000,447,45
1684691907,2023-05-21T17:58:27Z,CTM1022,"60.19495,-177.888733",39000,438,49
1684693125,2023-05-21T18:18:45Z,CTM1022,"61.779709,-173.988037",39000,439,51
1684693159,2023-05-21T18:19:19Z,CTM1022,"61.822311,-173.873062",39000,440,51
1684693246,2023-05-21T18:20:46Z,CTM1022,"61.930351,-173.579102",39000,443,52
1684693308,2023-05-21T18:21:48Z,CTM1022,"62.008278,-173.364563",39000,442,52
1684693370,2023-05-21T18:22:50Z,CTM1022,"62.085617,-173.149628",39000,441,52
1684693433,2023-05-21T18:23:53Z,CTM1022,"62.16188,-172.935989",39000,441,52
1684693495,2023-05-21T18:24:55Z,CTM1022,"62.237595,-172.721664",39000,440,53
1684693558,2023-05-21T18:25:58Z,CTM1022,"62.314034,-172.503311",39000,438,53
1684693620,2023-05-21T18:27:00Z,CTM1022,"62.388519,-172.288132",39000,436,53
1684693680,2023-05-21T18:28:00Z,CTM1022,"62.461044,-172.07695",39000,435,53
1684693742,2023-05-21T18:29:02Z,CTM1022,"62.534554,-171.860825",39000,436,53
1684693774,2023-05-21T18:29:34Z,CTM1022,"62.572956,-171.747055",39000,436,53
1684693859,2023-05-21T18:30:59Z,CTM1022,"62.6716,-171.45285",39000,434,54
1684693949,2023-05-21T18:32:29Z,CTM1022,"62.777321,-171.133301",39000,430,54
1684694012,2023-05-21T18:33:32Z,CTM1022,"62.85041,-170.909866",39000,430,54
1684694073,2023-05-21T18:34:33Z,CTM1022,"62.920658,-170.692886",39000,431,54
1684694137,2023-05-21T18:35:37Z,CTM1022,"62.992813,-170.46756",39000,432,54
1684694199,2023-05-21T18:36:39Z,CTM1022,"63.064224,-170.242874",39000,433,55
1684694260,2023-05-21T18:37:40Z,CTM1022,"63.13353,-170.022171",39000,433,55
1684694322,2023-05-21T18:38:42Z,CTM1022,"63.203613,-169.797058",39000,432,55
1684694384,2023-05-21T18:39:44Z,CTM1022,"63.274082,-169.568375",39000,434,55
1684694447,2023-05-21T18:40:47Z,CTM1022,"63.34428,-169.338318",39000,435,55
1684694506,2023-05-21T18:41:46Z,CTM1022,"63.411968,-169.114746",39000,438,55
1684694568,2023-05-21T18:42:48Z,CTM1022,"63.481659,-168.882675",39000,441,56
1684694629,2023-05-21T18:43:49Z,CTM1022,"63.550694,-168.649811",39000,442,56
1684694691,2023-05-21T18:44:51Z,CTM1022,"63.618805,-168.417984",39000,442,56
1684694754,2023-05-21T18:45:54Z,CTM1022,"63.690079,-168.172577",39000,442,56
1684694802,2023-05-21T18:46:42Z,CTM1022,"63.742493,-167.990356",39000,451,56
1684694890,2023-05-21T18:48:10Z,CTM1022,"63.841507,-167.642914",39000,444,57
1684694952,2023-05-21T18:49:12Z,CTM1022,"63.908112,-167.405869",39000,446,57
1684695017,2023-05-21T18:50:17Z,CTM1022,"63.98085,-167.14389",39000,447,57
1684695078,2023-05-21T18:51:18Z,CTM1022,"64.046989,-166.903198",39000,447,58
1684695141,2023-05-21T18:52:21Z,CTM1022,"64.115791,-166.649963",39000,446,58
1684695203,2023-05-21T18:53:23Z,CTM1022,"64.182404,-166.403259",39000,448,58
1684695267,2023-05-21T18:54:27Z,CTM1022,"64.252518,-166.142502",39000,450,58
1684695326,2023-05-21T18:55:26Z,CTM1022,"64.316574,-165.901001",39000,451,58
1684695387,2023-05-21T18:56:27Z,CTM1022,"64.381851,-165.651962",39000,451,58
1684695451,2023-05-21T18:57:31Z,CTM1022,"64.461273,-165.401154",39000,451,47
1684695513,2023-05-21T18:58:33Z,CTM1022,"64.557854,-165.205872",39000,456,35
1684695575,2023-05-21T18:59:35Z,CTM1022,"64.673393,-165.059509",39000,462,23
1684695638,2023-05-21T19:00:38Z,CTM1022,"64.796196,-164.931458",39000,463,24
1684695699,2023-05-21T19:01:39Z,CTM1022,"64.914253,-164.807281",39000,463,24
1684695763,2023-05-21T19:02:43Z,CTM1022,"65.038361,-164.675446",39000,462,24
1684695826,2023-05-21T19:03:46Z,CTM1022,"65.161125,-164.543732",39000,460,24
1684695889,2023-05-21T19:04:49Z,CTM1022,"65.283051,-164.411606",39000,459,24
1684695951,2023-05-21T19:05:51Z,CTM1022,"65.402161,-164.281189",39000,458,24
1684696021,2023-05-21T19:07:01Z,CTM1022,"65.536522,-164.132645",39000,459,24
1684696083,2023-05-21T19:08:03Z,CTM1022,"65.656715,-163.998169",39000,459,24
1684696147,2023-05-21T19:09:07Z,CTM1022,"65.778717,-163.860291",39000,462,25
1684696209,2023-05-21T19:10:09Z,CTM1022,"65.899254,-163.722565",39000,465,25
1684696272,2023-05-21T19:11:12Z,CTM1022,"66.021561,-163.58139",39000,466,25
1684696335,2023-05-21T19:12:15Z,CTM1022,"66.142044,-163.440979",39000,467,25
1684696395,2023-05-21T19:13:15Z,CTM1022,"66.256439,-163.306152",39000,465,25
1684696457,2023-05-21T19:14:17Z,CTM1022,"66.380188,-163.158707",39000,463,25
1684696519,2023-05-21T19:15:19Z,CTM1022,"66.498665,-163.016266",39000,461,25
1684696581,2023-05-21T19:16:21Z,CTM1022,"66.617935,-162.871246",39000,459,25
1684696640,2023-05-21T19:17:20Z,CTM1022,"66.729492,-162.733917",39000,458,26
1684696704,2023-05-21T19:18:24Z,CTM1022,"66.849991,-162.584305",39000,457,26
1684696767,2023-05-21T19:19:27Z,CTM1022,"66.972198,-162.44838",39000,459,22
1684696827,2023-05-21T19:20:27Z,CTM1022,"67.090576,-162.32225",39000,461,22
1684696889,2023-05-21T19:21:29Z,CTM1022,"67.21096,-162.192657",39000,463,22
1684696952,2023-05-21T19:22:32Z,CTM1022,"67.336739,-162.055832",39000,464,22
1684697018,2023-05-21T19:23:38Z,CTM1022,"67.462852,-161.917419",39000,467,23
1684697082,2023-05-21T19:24:42Z,CTM1022,"67.592735,-161.772507",39000,470,23
1684697158,2023-05-21T19:25:58Z,CTM1022,"67.704018,-161.638901",39000,470,23
1684697216,2023-05-21T19:26:56Z,CTM1022,"67.808014,-161.513519",39000,470,23
1684697273,2023-05-21T19:27:53Z,CTM1022,"67.919891,-161.373322",39000,470,25
1684697328,2023-05-21T19:28:48Z,CTM1022,"68.085579,-161.207626",39000,474,23
1684697392,2023-05-21T19:29:52Z,CTM1022,"68.188194,-161.07869",39000,470,23
1684697458,2023-05-21T19:30:58Z,CTM1022,"68.309555,-160.930954",39000,470,25
1684697515,2023-05-21T19:31:55Z,CTM1022,"68.418404,-160.792648",39000,470,25
1684697591,2023-05-21T19:33:11Z,CTM1022,"68.555504,-160.635757",39000,480,20
1684697647,2023-05-21T19:34:07Z,CTM1022,"68.661316,-160.508636",39000,480,25
1684697702,2023-05-21T19:35:02Z,CTM1022,"68.77459,-160.367889",39000,480,24
1684697745,2023-05-21T19:35:45Z,CTM1022,"68.91925,-160.189041",39000,479,24
1684697820,2023-05-21T19:37:00Z,CTM1022,"69.027245,-160.041275",39000,480,24
1684697881,2023-05-21T19:38:01Z,CTM1022,"69.148781,-159.886551",39000,480,21
1684697969,2023-05-21T19:39:29Z,CTM1022,"69.366608,-159.606766",39000,479,25
1684698031,2023-05-21T19:40:31Z,CTM1022,"69.491272,-159.439774",39000,481,25
1684698094,2023-05-21T19:41:34Z,CTM1022,"69.615891,-159.270386",39000,480,25
1684698154,2023-05-21T19:42:34Z,CTM1022,"69.735535,-159.105743",39000,481,25
1684698216,2023-05-21T19:43:36Z,CTM1022,"69.859451,-158.933167",39000,480,25
1684698312,2023-05-21T19:45:12Z,CTM1022,"69.983406,-158.743805",39000,480,26
1684698367,2023-05-21T19:46:07Z,CTM1022,"70.081223,-158.596024",39000,480,25
1684698454,2023-05-21T19:47:34Z,CTM1022,"70.334793,-158.249542",39000,483,26
1684698481,2023-05-21T19:48:01Z,CTM1022,"70.389404,-158.168716",39000,482,26
1684698546,2023-05-21T19:49:06Z,CTM1022,"70.493111,-158.008606",39000,480,27
1684698600,2023-05-21T19:50:00Z,CTM1022,"70.579636,-157.865402",39000,480,27
1684698638,2023-05-21T19:50:38Z,CTM1022,"70.70018,-157.699051",39000,240,26
1684698716,2023-05-21T19:51:56Z,CTM1022,"70.822174,-157.501419",39000,480,27
1684698776,2023-05-21T19:52:56Z,CTM1022,"70.929726,-157.320541",39000,480,29
1684698865,2023-05-21T19:54:25Z,CTM1022,"71.146912,-156.994339",39000,485,27
1684698927,2023-05-21T19:55:27Z,CTM1022,"71.262863,-156.750946",39000,491,40
1684698990,2023-05-21T19:56:30Z,CTM1022,"71.36055,-156.430862",39000,495,52
1684699052,2023-05-21T19:57:32Z,CTM1022,"71.445396,-156.076508",39000,495,53
1684699097,2023-05-21T19:58:17Z,CTM1022,"71.507309,-155.814896",39000,496,53
1684699183,2023-05-21T19:59:43Z,CTM1022,"71.623169,-155.315552",39000,496,54
1684699246,2023-05-21T20:00:46Z,CTM1022,"71.707581,-154.944763",39000,495,54
1684699307,2023-05-21T20:01:47Z,CTM1022,"71.788063,-154.585068",39000,494,54
1684699369,2023-05-21T20:02:49Z,CTM1022,"71.869812,-154.21283",39000,493,54
1684699431,2023-05-21T20:03:51Z,CTM1022,"71.949745,-153.842529",39000,492,55
1684699465,2023-05-21T20:04:25Z,CTM1022,"71.993179,-153.638611",39000,492,55
1684699528,2023-05-21T20:05:28Z,CTM1022,"72.073517,-153.256531",39000,391,55
1684699613,2023-05-21T20:06:53Z,CTM1022,"72.162323,-152.818314",39000,490,53
1684699735,2023-05-21T20:08:55Z,CTM1022,"72.297356,-152.125229",39000,490,57
1684700018,2023-05-21T20:13:38Z,CTM1022,"72.675354,-150.149628",39000,493,58
1684700082,2023-05-21T20:14:42Z,CTM1022,"72.749832,-149.731461",39000,494,59
1684700143,2023-05-21T20:15:43Z,CTM1022,"72.820267,-149.327621",39000,495,59
1684700185,2023-05-21T20:16:25Z,CTM1022,"72.867935,-149.049805",39000,496,59
1684700335,2023-05-21T20:18:55Z,CTM1022,"73.037933,-148.028809",39000,499,60
1684700396,2023-05-21T20:19:56Z,CTM1022,"73.106277,-147.603745",39000,500,61
1684700458,2023-05-21T20:20:58Z,CTM1022,"73.174072,-147.172363",39000,501,61
1684700493,2023-05-21T20:21:33Z,CTM1022,"73.212471,-146.924454",39000,500,62
1684700596,2023-05-21T20:23:16Z,CTM1022,"73.322105,-146.198502",39000,498,62
1684700646,2023-05-21T20:24:06Z,CTM1022,"73.375214,-145.838013",39000,498,63
1684700737,2023-05-21T20:25:37Z,CTM1022,"73.46888,-145.184692",39000,501,63
1684700750,2023-05-21T20:25:50Z,CTM1022,"73.481873,-145.09259",39000,501,63
1684700858,2023-05-21T20:27:38Z,CTM1022,"73.591034,-144.298645",39000,500,64
1684700921,2023-05-21T20:28:41Z,CTM1022,"73.652527,-143.838333",39000,501,64
1684700984,2023-05-21T20:29:44Z,CTM1022,"73.713837,-143.366821",39000,501,65
1684701047,2023-05-21T20:30:47Z,CTM1022,"73.773605,-142.895905",39000,503,65
1684701980,2023-05-21T20:46:20Z,CTM1022,"75.253769,-137.537674",41000,492,37
1684704322,2023-05-21T21:25:22Z,CTM1022,"79.005432,-119.987015",41000,500,46
1684705569,2023-05-21T21:46:09Z,CTM1022,"80.807419,-107.19635",41000,499,57
1684705632,2023-05-21T21:47:12Z,CTM1022,"80.884605,-106.421471",41000,501,58
1684705694,2023-05-21T21:48:14Z,CTM1022,"80.959442,-105.640259",41000,503,59
1684705757,2023-05-21T21:49:17Z,CTM1022,"81.033142,-104.840088",41000,505,59
1684705820,2023-05-21T21:50:20Z,CTM1022,"81.105927,-104.017334",41000,505,60
1684705836,2023-05-21T21:50:36Z,CTM1022,"81.123421,-103.814278",41000,505,61
1684705911,2023-05-21T21:51:51Z,CTM1022,"81.206932,-102.816727",41000,505,61
1684705998,2023-05-21T21:53:18Z,CTM1022,"81.299995,-101.641586",41000,504,63
1684706059,2023-05-21T21:54:19Z,CTM1022,"81.363579,-100.797203",41000,505,63
1684706123,2023-05-21T21:55:23Z,CTM1022,"81.427963,-99.901428",41000,505,64
1684706185,2023-05-21T21:56:25Z,CTM1022,"81.488579,-99.01664",41000,503,65
1684706249,2023-05-21T21:57:29Z,CTM1022,"81.547928,-98.107521",41000,502,66
1684706311,2023-05-21T21:58:31Z,CTM1022,"81.603188,-97.218803",41000,500,67
1684706372,2023-05-21T21:59:32Z,CTM1022,"81.656754,-96.312675",41000,499,68
1684706434,2023-05-21T22:00:34Z,CTM1022,"81.708527,-95.390167",41000,501,69
1684706496,2023-05-21T22:01:36Z,CTM1022,"81.758255,-94.45417",41000,503,70
1684706558,2023-05-21T22:02:38Z,CTM1022,"81.805412,-93.515236",41000,503,71
1684706621,2023-05-21T22:03:41Z,CTM1022,"81.851852,-92.534752",41000,505,72
1684706683,2023-05-21T22:04:43Z,CTM1022,"81.895164,-91.560448",41000,506,72
1684706745,2023-05-21T22:05:45Z,CTM1022,"81.935432,-90.590515",41025,494,73
1684706806,2023-05-21T22:06:46Z,CTM1022,"81.972023,-89.649612",41000,489,74
1684706868,2023-05-21T22:07:48Z,CTM1022,"82.007492,-88.671043",41000,489,75
1684706931,2023-05-21T22:08:51Z,CTM1022,"82.040779,-87.681496",41000,493,76
1684706993,2023-05-21T22:09:53Z,CTM1022,"82.071365,-86.692329",41000,490,77
1684707055,2023-05-21T22:10:55Z,CTM1022,"82.09948,-85.700027",41000,489,78
1684707117,2023-05-21T22:11:57Z,CTM1022,"82.125458,-84.6912",41000,487,79
1684707179,2023-05-21T22:12:59Z,CTM1022,"82.148735,-83.698883",41000,485,80
1684707242,2023-05-21T22:14:02Z,CTM1022,"82.169907,-82.678398",41000,481,81
1684707305,2023-05-21T22:15:05Z,CTM1022,"82.1884,-81.666481",41000,483,82
1684707367,2023-05-21T22:16:07Z,CTM1022,"82.204559,-80.647499",41000,483,83
1684707429,2023-05-21T22:17:09Z,CTM1022,"82.217972,-79.648132",41000,482,84
1684707493,2023-05-21T22:18:13Z,CTM1022,"82.229416,-78.601685",41000,482,85
1684707555,2023-05-21T22:19:15Z,CTM1022,"82.238068,-77.586624",41000,482,86
1684707616,2023-05-21T22:20:16Z,CTM1022,"82.244255,-76.585236",41000,482,87
1684707677,2023-05-21T22:21:17Z,CTM1022,"82.248138,-75.583977",41000,480,88
1684707738,2023-05-21T22:22:18Z,CTM1022,"82.249657,-74.580688",41000,481,89
1684707801,2023-05-21T22:23:21Z,CTM1022,"82.248734,-73.547188",41000,482,90
1684707854,2023-05-21T22:24:14Z,CTM1022,"82.246216,-72.741264",41000,483,91
1684708316,2023-05-21T22:31:56Z,CTM1022,"82.146149,-65.078369",41000,482,87
1684709065,2023-05-21T22:44:25Z,CTM1022,"82.255669,-53.229275",40992,480,75
1684711561,2023-05-21T23:26:01Z,CTM1022,"81.453491,-13.270969",41000,481,77
1684712398,2023-05-21T23:39:58Z,CTM1022,"80.444176,-3.226204",41000,485,127
1684712427,2023-05-21T23:40:27Z,CTM1022,"80.404655,-2.917557",41000,484,127
1684713071,2023-05-21T23:51:11Z,CTM1022,"79.58812,1.940186",41000,476,140
1684714497,2023-05-22T00:14:57Z,CTM1022,"76.704529,10.362009",41000,476,153
1684715727,2023-05-22T00:35:27Z,CTM1022,"74.247986,14.700565",41000,473,158
1684715772,2023-05-22T00:36:12Z,CTM1022,"74.152687,14.840515",41000,472,158
1684715906,2023-05-22T00:38:26Z,CTM1022,"73.883423,15.224819",41000,467,158
1684715971,2023-05-22T00:39:31Z,CTM1022,"73.754059,15.404846",41000,465,158
1684716033,2023-05-22T00:40:33Z,CTM1022,"73.630417,15.574493",41000,464,159
1684716097,2023-05-22T00:41:37Z,CTM1022,"73.503609,15.745605",41000,464,159
1684716159,2023-05-22T00:42:39Z,CTM1022,"73.37941,15.910091",41000,465,159
1684716222,2023-05-22T00:43:42Z,CTM1022,"73.252304,16.076067",41000,468,159
1684716283,2023-05-22T00:44:43Z,CTM1022,"73.129303,16.234238",41000,470,159
1684716344,2023-05-22T00:45:44Z,CTM1022,"73.004333,16.392733",41000,471,159
1684716407,2023-05-22T00:46:47Z,CTM1022,"72.877251,16.551075",41000,471,159
1684716468,2023-05-22T00:47:48Z,CTM1022,"72.751373,16.705742",41000,473,160
1684716530,2023-05-22T00:48:50Z,CTM1022,"72.624847,16.859489",41000,475,160
1684716593,2023-05-22T00:49:53Z,CTM1022,"72.494774,17.014046",41000,477,160
1684716657,2023-05-22T00:50:57Z,CTM1022,"72.364059,17.167431",41000,477,160
1684716718,2023-05-22T00:51:58Z,CTM1022,"72.237854,17.313385",41000,474,160
1684716779,2023-05-22T00:52:59Z,CTM1022,"72.110764,17.458244",41000,473,160
1684716844,2023-05-22T00:54:04Z,CTM1022,"71.978462,17.6064",41000,474,160
1684716907,2023-05-22T00:55:07Z,CTM1022,"71.847977,17.751007",41000,473,160
1684716969,2023-05-22T00:56:09Z,CTM1022,"71.721039,17.889557",41000,473,161
1684717032,2023-05-22T00:57:12Z,CTM1022,"71.590942,18.029175",41000,472,161
1684717093,2023-05-22T00:58:13Z,CTM1022,"71.463318,18.164278",41000,472,161
1684717155,2023-05-22T00:59:15Z,CTM1022,"71.33725,18.295706",41000,467,161
1684717217,2023-05-22T01:00:17Z,CTM1022,"71.212776,18.424225",41000,464,161
1684717280,2023-05-22T01:01:20Z,CTM1022,"71.083496,18.555756",41000,466,161
1684717341,2023-05-22T01:02:21Z,CTM1022,"70.960693,18.678637",41000,470,161
1684717402,2023-05-22T01:03:22Z,CTM1022,"70.833649,18.804474",41000,469,162
1684717463,2023-05-22T01:04:23Z,CTM1022,"70.707184,18.92771",41000,468,162
1684717525,2023-05-22T01:05:25Z,CTM1022,"70.579926,19.032368",41000,466,169
1684717586,2023-05-22T01:06:26Z,CTM1022,"70.450066,19.099586",41000,469,170
1684717649,2023-05-22T01:07:29Z,CTM1022,"70.314178,19.169409",41000,471,170
1684717711,2023-05-22T01:08:31Z,CTM1022,"70.184006,19.235275",41000,468,170
1684717772,2023-05-22T01:09:32Z,CTM1022,"70.053864,19.300369",41000,464,170
1684717836,2023-05-22T01:10:36Z,CTM1022,"69.91951,19.366699",41000,461,170
1684717900,2023-05-22T01:11:40Z,CTM1022,"69.784874,19.431923",41000,462,170
1684717965,2023-05-22T01:12:45Z,CTM1022,"69.650024,19.49675",41000,462,170
1684718027,2023-05-22T01:13:47Z,CTM1022,"69.518829,19.559097",41000,463,170
1684718089,2023-05-22T01:14:49Z,CTM1022,"69.385323,19.621719",41000,468,170
1684718151,2023-05-22T01:15:51Z,CTM1022,"69.255669,19.68187",41000,466,170
1684718212,2023-05-22T01:16:52Z,CTM1022,"69.126625,19.740921",41000,463,170
1684718273,2023-05-22T01:17:53Z,CTM1022,"68.996933,19.799717",41000,464,170
1684718336,2023-05-22T01:18:56Z,CTM1022,"68.866776,19.857239",41000,464,170
1684718398,2023-05-22T01:19:58Z,CTM1022,"68.734222,19.916121",41000,462,170
1684718460,2023-05-22T01:21:00Z,CTM1022,"68.602707,19.973406",41000,466,171
1684718522,2023-05-22T01:22:02Z,CTM1022,"68.472473,20.029175",41000,464,171
1684718586,2023-05-22T01:23:06Z,CTM1022,"68.338036,20.08667",41000,462,171
1684718648,2023-05-22T01:24:08Z,CTM1022,"68.207108,20.141935",41000,464,171
1684718712,2023-05-22T01:25:12Z,CTM1022,"68.072548,20.197449",41000,466,171
1684718775,2023-05-22T01:26:15Z,CTM1022,"67.939178,20.252296",41000,462,171
1684718837,2023-05-22T01:27:17Z,CTM1022,"67.80957,20.305088",41000,459,171
1684718899,2023-05-22T01:28:19Z,CTM1022,"67.677933,20.35779",41000,464,171
1684718963,2023-05-22T01:29:23Z,CTM1022,"67.544739,20.411028",41000,463,171
1684719024,2023-05-22T01:30:24Z,CTM1022,"67.414719,20.461643",41000,463,171
1684719087,2023-05-22T01:31:27Z,CTM1022,"67.281807,20.513348",41000,466,171
1684719148,2023-05-22T01:32:28Z,CTM1022,"67.151978,20.56341",41000,464,171
1684719212,2023-05-22T01:33:32Z,CTM1022,"67.016602,20.614771",41000,462,171
1684719275,2023-05-22T01:34:35Z,CTM1022,"66.882767,20.665033",41000,465,171
1684719336,2023-05-22T01:35:36Z,CTM1022,"66.753578,20.712725",41000,466,171
1684719398,2023-05-22T01:36:38Z,CTM1022,"66.621918,20.761534",41000,465,171
1684719461,2023-05-22T01:37:41Z,CTM1022,"66.48912,20.809729",41000,466,171
1684719525,2023-05-22T01:38:45Z,CTM1022,"66.355225,20.857773",41000,469,171
1684719588,2023-05-22T01:39:48Z,CTM1022,"66.220276,20.905909",41000,468,171
1684719650,2023-05-22T01:40:50Z,CTM1022,"66.084251,20.953913",41000,467,171
1684719713,2023-05-22T01:41:53Z,CTM1022,"65.950645,21.000246",41000,466,171
1684719776,2023-05-22T01:42:56Z,CTM1022,"65.819138,21.045267",41000,465,172
1684719838,2023-05-22T01:43:58Z,CTM1022,"65.686386,21.090889",41000,463,172
1684719900,2023-05-22T01:45:00Z,CTM1022,"65.554688,21.135406",41000,465,171
1684719963,2023-05-22T01:46:03Z,CTM1022,"65.420883,21.180208",41000,466,172
1684720025,2023-05-22T01:47:05Z,CTM1022,"65.289558,21.223412",41000,466,172
1684720086,2023-05-22T01:48:06Z,CTM1022,"65.159821,21.266098",41000,466,172
1684720149,2023-05-22T01:49:09Z,CTM1022,"65.023842,21.309929",41000,471,172
1684720212,2023-05-22T01:50:12Z,CTM1022,"64.889236,21.353138",41000,472,172
1684720272,2023-05-22T01:51:12Z,CTM1022,"64.758072,21.394844",41000,472,172
1684720336,2023-05-22T01:52:16Z,CTM1022,"64.621765,21.437874",41000,471,172
1684720399,2023-05-22T01:53:19Z,CTM1022,"64.486816,21.480103",41000,468,172
1684720462,2023-05-22T01:54:22Z,CTM1022,"64.352142,21.521229",41000,470,172
1684720525,2023-05-22T01:55:25Z,CTM1022,"64.216095,21.562675",41000,470,172
1684720588,2023-05-22T01:56:28Z,CTM1022,"64.081467,21.603453",41000,473,172
1684720649,2023-05-22T01:57:29Z,CTM1022,"63.949554,21.643177",41000,474,172
1684720710,2023-05-22T01:58:30Z,CTM1022,"63.817841,21.682152",41000,472,172
1684720773,2023-05-22T01:59:33Z,CTM1022,"63.679642,21.722506",41000,472,172
1684720833,2023-05-22T02:00:33Z,CTM1022,"63.553711,21.759268",41000,469,172
1684720895,2023-05-22T02:01:35Z,CTM1022,"63.41716,21.799093",41000,471,172
1684720956,2023-05-22T02:02:36Z,CTM1022,"63.288605,21.835217",41000,468,172
1684721020,2023-05-22T02:03:40Z,CTM1022,"63.150112,21.874624",41000,467,172
1684721082,2023-05-22T02:04:42Z,CTM1022,"63.018509,21.911598",41000,470,172
1684721145,2023-05-22T02:05:45Z,CTM1022,"62.884903,21.948465",41000,468,172
1684721206,2023-05-22T02:06:46Z,CTM1022,"62.753815,21.984457",41000,469,172
1684721270,2023-05-22T02:07:50Z,CTM1022,"62.618225,22.021585",41000,469,172
1684721330,2023-05-22T02:08:50Z,CTM1022,"62.486557,22.057377",41000,470,172
1684721394,2023-05-22T02:09:54Z,CTM1022,"62.34988,22.093929",41000,469,172
1684721457,2023-05-22T02:10:57Z,CTM1022,"62.217041,22.129007",41000,470,172
1684721518,2023-05-22T02:11:58Z,CTM1022,"62.081085,22.164713",41000,472,173
1684721582,2023-05-22T02:13:02Z,CTM1022,"61.943481,22.200525",41000,475,172
1684721645,2023-05-22T02:14:05Z,CTM1022,"61.806427,22.235935",41000,474,172
1684721707,2023-05-22T02:15:07Z,CTM1022,"61.673428,22.269999",41000,474,173
1684721771,2023-05-22T02:16:11Z,CTM1022,"61.534145,22.305298",41000,475,173
1684721832,2023-05-22T02:17:12Z,CTM1022,"61.399475,22.339228",41000,477,173
1684721896,2023-05-22T02:18:16Z,CTM1022,"61.261349,22.373657",41000,478,173
1684721957,2023-05-22T02:19:17Z,CTM1022,"61.12402,22.407633",41000,480,173
1684722021,2023-05-22T02:20:21Z,CTM1022,"60.986526,22.44109",41000,482,173
1684722081,2023-05-22T02:21:21Z,CTM1022,"60.85025,22.474333",41000,484,173
1684722142,2023-05-22T02:22:22Z,CTM1022,"60.71814,22.506062",41000,484,173
1684722203,2023-05-22T02:23:23Z,CTM1022,"60.581547,22.538746",41000,484,173
1684722264,2023-05-22T02:24:24Z,CTM1022,"60.446869,22.570463",41000,485,173
1684722325,2023-05-22T02:25:25Z,CTM1022,"60.310501,22.602476",41000,486,173
1684722386,2023-05-22T02:26:26Z,CTM1022,"60.175842,22.633896",41000,484,173
1684722447,2023-05-22T02:27:27Z,CTM1022,"60.039368,22.665552",41000,486,173
1684722508,2023-05-22T02:28:28Z,CTM1022,"59.90332,22.696472",41000,486,173
1684722569,2023-05-22T02:29:29Z,CTM1022,"59.768047,22.727209",41000,486,173
1684722629,2023-05-22T02:30:29Z,CTM1022,"59.632858,22.757515",41000,486,173
1684722693,2023-05-22T02:31:33Z,CTM1022,"59.491379,22.789032",41000,486,173
1684722754,2023-05-22T02:32:34Z,CTM1022,"59.356842,22.81897",41000,484,173
1684722817,2023-05-22T02:33:37Z,CTM1022,"59.216766,22.849823",41000,483,173
1684722878,2023-05-22T02:34:38Z,CTM1022,"59.083168,22.878933",41000,482,173
1684722938,2023-05-22T02:35:38Z,CTM1022,"58.95076,22.907593",41000,480,173
1684723002,2023-05-22T02:36:42Z,CTM1022,"58.809208,22.937897",41000,481,173
1684723062,2023-05-22T02:37:42Z,CTM1022,"58.675598,22.966299",41000,482,173
1684723125,2023-05-22T02:38:45Z,CTM1022,"58.540276,22.994843",41000,481,173
1684723187,2023-05-22T02:39:47Z,CTM1022,"58.40126,23.023977",41000,483,173
1684723248,2023-05-22T02:40:48Z,CTM1022,"58.266357,23.051798",41000,484,173
1684723311,2023-05-22T02:41:51Z,CTM1022,"58.126568,23.080811",41000,485,173
1684723374,2023-05-22T02:42:54Z,CTM1022,"57.984146,23.109829",41000,485,173
1684723435,2023-05-22T02:43:55Z,CTM1022,"57.849701,23.137207",41000,484,173
1684723497,2023-05-22T02:44:57Z,CTM1022,"57.711601,23.165115",41000,484,173
1684723557,2023-05-22T02:45:57Z,CTM1022,"57.576786,23.191961",41000,483,173
1684723621,2023-05-22T02:47:01Z,CTM1022,"57.436199,23.216238",41000,484,179
1684723682,2023-05-22T02:48:02Z,CTM1022,"57.301243,23.208353",41000,484,181
1684723743,2023-05-22T02:49:03Z,CTM1022,"57.164936,23.200998",41000,485,181
1684723804,2023-05-22T02:50:04Z,CTM1022,"57.029655,23.193645",41000,484,181
1684723865,2023-05-22T02:51:05Z,CTM1022,"56.891724,23.18638",41000,483,181
1684723929,2023-05-22T02:52:09Z,CTM1022,"56.748901,23.178938",41000,485,181
1684723992,2023-05-22T02:53:12Z,CTM1022,"56.608841,23.171625",41000,487,181
1684724055,2023-05-22T02:54:15Z,CTM1022,"56.46563,23.164158",41000,487,181
1684724117,2023-05-22T02:55:17Z,CTM1022,"56.327957,23.157265",41000,486,181
1684724179,2023-05-22T02:56:19Z,CTM1022,"56.187805,23.149996",41000,487,181
1684724240,2023-05-22T02:57:20Z,CTM1022,"56.051468,23.14295",41000,488,181
1684724301,2023-05-22T02:58:21Z,CTM1022,"55.914173,23.135834",41000,488,181
1684724364,2023-05-22T02:59:24Z,CTM1022,"55.771164,23.128967",41000,488,181
1684724425,2023-05-22T03:00:25Z,CTM1022,"55.637283,23.122393",41000,489,181
1684724487,2023-05-22T03:01:27Z,CTM1022,"55.494644,23.11532",41000,490,181
1684724549,2023-05-22T03:02:29Z,CTM1022,"55.355637,23.108492",41000,488,181
1684724612,2023-05-22T03:03:32Z,CTM1022,"55.213749,23.101751",41000,486,181
1684724675,2023-05-22T03:04:35Z,CTM1022,"55.073044,23.095039",41000,486,181
1684724736,2023-05-22T03:05:36Z,CTM1022,"54.935944,23.088091",41000,487,181
1684724796,2023-05-22T03:06:36Z,CTM1022,"54.799805,23.081871",41000,488,181
1684724860,2023-05-22T03:07:40Z,CTM1022,"54.657307,23.075117",41000,488,181
1684724922,2023-05-22T03:08:42Z,CTM1022,"54.517227,23.068705",41000,488,181
1684724982,2023-05-22T03:09:42Z,CTM1022,"54.381767,23.060387",41000,487,184
1684725044,2023-05-22T03:10:44Z,CTM1022,"54.245178,23.013689",41000,486,196
1684725105,2023-05-22T03:11:45Z,CTM1022,"54.123074,22.937353",41000,486,195
1684725111,2023-05-22T03:11:51Z,CTM1022,"54.104919,22.930429",41000,486,191
1684725114,2023-05-22T03:11:54Z,CTM1022,"54.097984,22.928629",41000,485,188
1684725117,2023-05-22T03:11:57Z,CTM1022,"54.091187,22.927336",41000,486,186
1684725119,2023-05-22T03:11:59Z,CTM1022,"54.086929,22.926662",41000,485,185
1684725123,2023-05-22T03:12:03Z,CTM1022,"54.078094,22.925642",41000,486,184
1684725126,2023-05-22T03:12:06Z,CTM1022,"54.07132,22.924936",41000,485,183
1684725129,2023-05-22T03:12:09Z,CTM1022,"54.063904,22.92415",41000,486,183
1684725132,2023-05-22T03:12:12Z,CTM1022,"54.057716,22.923538",41000,486,183
1684725135,2023-05-22T03:12:15Z,CTM1022,"54.051197,22.922974",41000,486,183
1684725138,2023-05-22T03:12:18Z,CTM1022,"54.044403,22.922409",41000,486,183
1684725199,2023-05-22T03:13:19Z,CTM1022,"53.907772,22.905363",41000,484,184
1684725259,2023-05-22T03:14:19Z,CTM1022,"53.772812,22.888994",41000,484,184
1684725322,2023-05-22T03:15:22Z,CTM1022,"53.634842,22.87228",41000,483,184
1684725383,2023-05-22T03:16:23Z,CTM1022,"53.498856,22.856005",41000,484,184
1684725444,2023-05-22T03:17:24Z,CTM1022,"53.363892,22.840183",41000,484,184
1684725507,2023-05-22T03:18:27Z,CTM1022,"53.221172,22.823128",41000,486,184
1684725567,2023-05-22T03:19:27Z,CTM1022,"53.086258,22.807236",41000,487,184
1684725631,2023-05-22T03:20:31Z,CTM1022,"52.94521,22.790981",41000,486,184
1684725693,2023-05-22T03:21:33Z,CTM1022,"52.806931,22.774811",41000,484,184
1684725754,2023-05-22T03:22:34Z,CTM1022,"52.671204,22.759121",41000,484,184
1684725817,2023-05-22T03:23:37Z,CTM1022,"52.530304,22.742996",41000,485,183
1684725880,2023-05-22T03:24:40Z,CTM1022,"52.390213,22.727182",41000,486,184
1684725942,2023-05-22T03:25:42Z,CTM1022,"52.252514,22.711721",40750,488,183
1684726003,2023-05-22T03:26:43Z,CTM1022,"52.114578,22.696184",39775,484,184
1684726065,2023-05-22T03:27:45Z,CTM1022,"51.976364,22.680569",37725,490,183
1684726126,2023-05-22T03:28:46Z,CTM1022,"51.837708,22.665092",34600,498,183
1684726188,2023-05-22T03:29:48Z,CTM1022,"51.69249,22.64946",31175,504,183
1684726249,2023-05-22T03:30:49Z,CTM1022,"51.553532,22.633972",28775,488,183
1684726310,2023-05-22T03:31:50Z,CTM1022,"51.419724,22.619366",26425,472,183
1684726372,2023-05-22T03:32:52Z,CTM1022,"51.284969,22.60498",23975,459,183
1684726436,2023-05-22T03:33:56Z,CTM1022,"51.154266,22.59086",21550,447,183
1684726499,2023-05-22T03:34:59Z,CTM1022,"51.022881,22.576828",19075,436,183
1684726562,2023-05-22T03:36:02Z,CTM1022,"50.902817,22.564062",16775,414,183
1684726595,2023-05-22T03:36:35Z,CTM1022,"50.838814,22.55722",15600,404,183
1684726628,2023-05-22T03:37:08Z,CTM1022,"50.777481,22.550776",14375,395,183
1684726659,2023-05-22T03:37:39Z,CTM1022,"50.722275,22.54491",13300,387,183
1684726692,2023-05-22T03:38:12Z,CTM1022,"50.663174,22.538601",12125,378,183
1684726722,2023-05-22T03:38:42Z,CTM1022,"50.611038,22.533104",11100,371,183
1684726735,2023-05-22T03:38:55Z,CTM1022,"50.590549,22.530954",10775,368,183
1684726747,2023-05-22T03:39:07Z,CTM1022,"50.570114,22.528839",10600,359,183
1684726758,2023-05-22T03:39:18Z,CTM1022,"50.551865,22.526873",10450,350,183
1684726770,2023-05-22T03:39:30Z,CTM1022,"50.531616,22.524792",10350,340,183
1684726783,2023-05-22T03:39:43Z,CTM1022,"50.513042,22.522938",10250,330,183
1684726795,2023-05-22T03:39:55Z,CTM1022,"50.495354,22.520933",10150,324,184
1684726804,2023-05-22T03:40:04Z,CTM1022,"50.4814,22.516697",10050,320,194
1684726807,2023-05-22T03:40:07Z,CTM1022,"50.477291,22.514549",10050,316,198
1684726810,2023-05-22T03:40:10Z,CTM1022,"50.473099,22.511951",10025,313,200
1684726813,2023-05-22T03:40:13Z,CTM1022,"50.46991,22.50983",10025,310,202
1684726816,2023-05-22T03:40:16Z,CTM1022,"50.46542,22.506756",10025,307,203
1684726819,2023-05-22T03:40:19Z,CTM1022,"50.461395,22.504047",10000,304,203
1684726822,2023-05-22T03:40:22Z,CTM1022,"50.457317,22.501263",10000,302,203
1684726826,2023-05-22T03:40:26Z,CTM1022,"50.45322,22.498442",10000,300,203
1684726828,2023-05-22T03:40:28Z,CTM1022,"50.449493,22.495953",10000,298,203
1684726841,2023-05-22T03:40:41Z,CTM1022,"50.434231,22.485821",10000,297,202
1684726853,2023-05-22T03:40:53Z,CTM1022,"50.419235,22.476076",9925,298,202
1684726864,2023-05-22T03:41:04Z,CTM1022,"50.403946,22.466173",9575,302,202
1684726876,2023-05-22T03:41:16Z,CTM1022,"50.388336,22.456345",9250,304,202
1684726889,2023-05-22T03:41:29Z,CTM1022,"50.372635,22.446369",8975,304,202
1684726900,2023-05-22T03:41:40Z,CTM1022,"50.35672,22.436161",8700,303,202
1684726913,2023-05-22T03:41:53Z,CTM1022,"50.34066,22.425991",8325,304,202
1684726925,2023-05-22T03:42:05Z,CTM1022,"50.325394,22.416302",7825,300,202
1684726937,2023-05-22T03:42:17Z,CTM1022,"50.310028,22.406467",7350,292,202
1684726949,2023-05-22T03:42:29Z,CTM1022,"50.295181,22.397076",6750,290,201
1684726961,2023-05-22T03:42:41Z,CTM1022,"50.279892,22.387463",6175,288,201
1684726972,2023-05-22T03:42:52Z,CTM1022,"50.265976,22.378717",5650,283,201
1684726985,2023-05-22T03:43:05Z,CTM1022,"50.25087,22.369177",4975,282,202
1684726991,2023-05-22T03:43:11Z,CTM1022,"50.243412,22.364527",4700,282,202
1684726997,2023-05-22T03:43:17Z,CTM1022,"50.235947,22.359779",4450,283,202
1684727003,2023-05-22T03:43:23Z,CTM1022,"50.228516,22.355099",4250,284,202
1684727009,2023-05-22T03:43:29Z,CTM1022,"50.221252,22.350529",4075,285,201
1684727015,2023-05-22T03:43:35Z,CTM1022,"50.213898,22.345894",3950,285,201
1684727021,2023-05-22T03:43:41Z,CTM1022,"50.207428,22.341782",3900,283,202
1684727027,2023-05-22T03:43:47Z,CTM1022,"50.199512,22.336838",3850,278,201
1684727034,2023-05-22T03:43:54Z,CTM1022,"50.191784,22.3332",3775,271,195
1684727036,2023-05-22T03:43:56Z,CTM1022,"50.188202,22.332314",3750,267,190
1684727039,2023-05-22T03:43:59Z,CTM1022,"50.184662,22.332012",3725,261,183
1684727042,2023-05-22T03:44:02Z,CTM1022,"50.181564,22.332386",3700,258,176
1684727045,2023-05-22T03:44:05Z,CTM1022,"50.177448,22.333349",3675,256,170
1684727048,2023-05-22T03:44:08Z,CTM1022,"50.173828,22.334845",3625,254,165
1684727052,2023-05-22T03:44:12Z,CTM1022,"50.170792,22.336319",3600,251,162
1684727054,2023-05-22T03:44:14Z,CTM1022,"50.167877,22.337879",3550,249,161
1684727057,2023-05-22T03:44:17Z,CTM1022,"50.164856,22.339542",3525,248,161
1684727060,2023-05-22T03:44:20Z,CTM1022,"50.16148,22.341291",3475,246,161
1684727064,2023-05-22T03:44:24Z,CTM1022,"50.157429,22.343222",3450,242,162
1684727066,2023-05-22T03:44:26Z,CTM1022,"50.154785,22.344385",3425,241,163
1684727070,2023-05-22T03:44:30Z,CTM1022,"50.152077,22.345449",3425,237,165
1684727077,2023-05-22T03:44:37Z,CTM1022,"50.143341,22.348721",3375,231,166
1684727083,2023-05-22T03:44:43Z,CTM1022,"50.139404,22.350021",3350,230,166
1684727086,2023-05-22T03:44:46Z,CTM1022,"50.134323,22.351107",3350,227,172
1684727089,2023-05-22T03:44:49Z,CTM1022,"50.131126,22.351166",3350,228,172
1684727092,2023-05-22T03:44:52Z,CTM1022,"50.127914,22.350571",3325,226,184
1684727095,2023-05-22T03:44:55Z,CTM1022,"50.124935,22.34931",3325,225,192
1684727098,2023-05-22T03:44:58Z,CTM1022,"50.122143,22.34738",3350,224,197
1684727102,2023-05-22T03:45:02Z,CTM1022,"50.118393,22.343517",3350,222,214
1684727106,2023-05-22T03:45:06Z,CTM1022,"50.115952,22.33951",3350,219,222
1684727109,2023-05-22T03:45:09Z,CTM1022,"50.114273,22.336218",3350,216,230
1684727112,2023-05-22T03:45:12Z,CTM1022,"50.112694,22.332384",3350,214,235
1684727115,2023-05-22T03:45:15Z,CTM1022,"50.111252,22.328339",3325,212,239
1684727118,2023-05-22T03:45:18Z,CTM1022,"50.109993,22.32407",3300,210,244
1684727121,2023-05-22T03:45:21Z,CTM1022,"50.108917,22.320026",3300,210,246
1684727124,2023-05-22T03:45:24Z,CTM1022,"50.107944,22.315681",3275,208,249
1684727127,2023-05-22T03:45:27Z,CTM1022,"50.107132,22.311499",3250,208,252
1684727130,2023-05-22T03:45:30Z,CTM1022,"50.106503,22.306551",3225,205,257
1684727133,2023-05-22T03:45:33Z,CTM1022,"50.106079,22.302174",3200,204,261
1684727136,2023-05-22T03:45:36Z,CTM1022,"50.10585,22.298237",3200,204,263
1684727139,2023-05-22T03:45:39Z,CTM1022,"50.105755,22.293858",3200,201,268
1684727142,2023-05-22T03:45:42Z,CTM1022,"50.105759,22.289309",3200,198,270
1684727145,2023-05-22T03:45:45Z,CTM1022,"50.10585,22.285099",3175,195,271
1684727148,2023-05-22T03:45:48Z,CTM1022,"50.105942,22.281239",3150,192,272
1684727151,2023-05-22T03:45:51Z,CTM1022,"50.106079,22.276587",3150,191,272
1684727154,2023-05-22T03:45:54Z,CTM1022,"50.106174,22.272924",3125,189,272
1684727157,2023-05-22T03:45:57Z,CTM1022,"50.106316,22.268322",3100,187,272
1684727160,2023-05-22T03:46:00Z,CTM1022,"50.106453,22.26424",3075,186,272
1684727163,2023-05-22T03:46:03Z,CTM1022,"50.106537,22.260687",3050,184,272
1684727166,2023-05-22T03:46:06Z,CTM1022,"50.106628,22.256422",3025,183,271
1684727172,2023-05-22T03:46:12Z,CTM1022,"50.106735,22.249096",3000,178,271
1684727178,2023-05-22T03:46:18Z,CTM1022,"50.106827,22.240931",2950,176,271
1684727184,2023-05-22T03:46:24Z,CTM1022,"50.106968,22.233582",2875,174,271
1684727191,2023-05-22T03:46:31Z,CTM1022,"50.107059,22.225861",2775,175,270
1684727196,2023-05-22T03:46:36Z,CTM1022,"50.107105,22.21866",2675,176,270
1684727202,2023-05-22T03:46:42Z,CTM1022,"50.107201,22.21109",2575,174,271
1684727208,2023-05-22T03:46:48Z,CTM1022,"50.107315,22.203442",2475,173,271
1684727215,2023-05-22T03:46:55Z,CTM1022,"50.107452,22.195925",2375,172,271
1684727221,2023-05-22T03:47:01Z,CTM1022,"50.107571,22.188374",2325,169,271
1684727227,2023-05-22T03:47:07Z,CTM1022,"50.107712,22.181099",2225,168,271
1684727233,2023-05-22T03:47:13Z,CTM1022,"50.107819,22.174385",2125,164,271
1684727238,2023-05-22T03:47:18Z,CTM1022,"50.10791,22.167519",2050,160,271
1684727245,2023-05-22T03:47:25Z,CTM1022,"50.108002,22.160507",1950,157,271
1684727250,2023-05-22T03:47:30Z,CTM1022,"50.108086,22.154005",1875,154,271
1684727257,2023-05-22T03:47:37Z,CTM1022,"50.108231,22.147137",1775,152,271
1684727263,2023-05-22T03:47:43Z,CTM1022,"50.108364,22.140791",1700,148,271
1684727268,2023-05-22T03:47:48Z,CTM1022,"50.108456,22.135744",1625,144,271
1684727276,2023-05-22T03:47:56Z,CTM1022,"50.108551,22.126898",1525,142,270
1684727282,2023-05-22T03:48:02Z,CTM1022,"50.108597,22.12112",1450,141,271
1684727288,2023-05-22T03:48:08Z,CTM1022,"50.108643,22.115181",1375,140,270
1684727294,2023-05-22T03:48:14Z,CTM1022,"50.108688,22.108871",1300,140,270
1684727299,2023-05-22T03:48:19Z,CTM1022,"50.108734,22.103601",1225,140,270
1684727306,2023-05-22T03:48:26Z,CTM1022,"50.108871,22.09683",1150,139,271
1684727312,2023-05-22T03:48:32Z,CTM1022,"50.108963,22.09112",1100,140,271
1684727318,2023-05-22T03:48:38Z,CTM1022,"50.109009,22.085699",1025,140,270
1684727324,2023-05-22T03:48:44Z,CTM1022,"50.109108,22.07814",925,141,270
1684727332,2023-05-22T03:48:52Z,CTM1022,"50.109192,22.071028",825,142,271
1684727339,2023-05-22T03:48:59Z,CTM1022,"50.109341,22.062922",725,144,271
1684727345,2023-05-22T03:49:05Z,CTM1022,"50.109421,22.057222",650,142,271
1684727351,2023-05-22T03:49:11Z,CTM1022,"50.109528,22.05097",575,138,271
1684727357,2023-05-22T03:49:17Z,CTM1022,"50.109619,22.045107",500,135,271
1684727363,2023-05-22T03:49:23Z,CTM1022,"50.109665,22.039167",450,130,270
1684727370,2023-05-22T03:49:30Z,CTM1022,"50.109787,22.033876",450,115,271
1684727378,2023-05-22T03:49:38Z,CTM1022,"50.109844,22.028347",0,86,270
1684727386,2023-05-22T03:49:46Z,CTM1022,"50.10989,22.024317",0,62,270
1684727395,2023-05-22T03:49:55Z,CTM1022,"50.109947,22.020956",0,46,270
1684727401,2023-05-22T03:50:01Z,CTM1022,"50.109959,22.019167",0,42,272
1684727408,2023-05-22T03:50:08Z,CTM1022,"50.109993,22.017305",0,38,272
1684727417,2023-05-22T03:50:17Z,CTM1022,"50.110016,22.015079",0,34,270
1684727422,2023-05-22T03:50:22Z,CTM1022,"50.110039,22.013744",0,30,272
1684727423,2023-05-22T03:50:23Z,CTM1022,"50.11005,22.013521",0,28,275
1684727425,2023-05-22T03:50:25Z,CTM1022,"50.110096,22.013168",0,26,278
1684727428,2023-05-22T03:50:28Z,CTM1022,"50.110153,22.012808",0,24,284
1684727429,2023-05-22T03:50:29Z,CTM1022,"50.110214,22.012518",0,23,286
1684727432,2023-05-22T03:50:32Z,CTM1022,"50.110302,22.012138",0,23,289
1684727434,2023-05-22T03:50:34Z,CTM1022,"50.110394,22.011831",0,23,295
1684727436,2023-05-22T03:50:36Z,CTM1022,"50.110497,22.011524",0,23,298
1684727437,2023-05-22T03:50:37Z,CTM1022,"50.110584,22.011312",0,23,298
1684727439,2023-05-22T03:50:39Z,CTM1022,"50.110691,22.011019",0,22,298
1684727442,2023-05-22T03:50:42Z,CTM1022,"50.110783,22.010765",0,20,300
1684727443,2023-05-22T03:50:43Z,CTM1022,"50.110874,22.01053",0,19,300
1684727445,2023-05-22T03:50:45Z,CTM1022,"50.110947,22.010328",0,17,300
1684727449,2023-05-22T03:50:49Z,CTM1022,"50.111046,22.010078",0,12,300
1684727455,2023-05-22T03:50:55Z,CTM1022,"50.111172,22.009752",0,9,303
1684727462,2023-05-22T03:51:02Z,CTM1022,"50.111401,22.009605",0,8,329
1684727469,2023-05-22T03:51:09Z,CTM1022,"50.111633,22.009716",0,8,5
1684727474,2023-05-22T03:51:14Z,CTM1022,"50.111721,22.009933",0,7,33
1684727479,2023-05-22T03:51:19Z,CTM1022,"50.111732,22.010151",0,6,59
1684727484,2023-05-22T03:51:24Z,CTM1022,"50.111721,22.010368",0,6,78
1684727490,2023-05-22T03:51:30Z,CTM1022,"50.11171,22.010639",0,6,87
1684727495,2023-05-22T03:51:35Z,CTM1022,"50.11171,22.010891",0,7,87
1684727499,2023-05-22T03:51:39Z,CTM1022,"50.111713,22.011108",0,8,90
1684727502,2023-05-22T03:51:42Z,CTM1022,"50.11171,22.011326",0,9,90
1684727509,2023-05-22T03:51:49Z,CTM1022,"50.111698,22.011778",0,10,90
1684727512,2023-05-22T03:51:52Z,CTM1022,"50.111698,22.01203",0,10,92
1684727518,2023-05-22T03:51:58Z,CTM1022,"50.111687,22.012535",0,12,92
1684727525,2023-05-22T03:52:05Z,CTM1022,"50.111679,22.013149",0,13,90
1684727531,2023-05-22T03:52:11Z,CTM1022,"50.111675,22.01371",0,14,90
1684727537,2023-05-22T03:52:17Z,CTM1022,"50.111664,22.014416",0,15,92
1684727543,2023-05-22T03:52:23Z,CTM1022,"50.111652,22.015102",0,15,90
1684727549,2023-05-22T03:52:29Z,CTM1022,"50.111645,22.015841",0,17,90
1684727555,2023-05-22T03:52:35Z,CTM1022,"50.111633,22.016602",0,18,90
1684727561,2023-05-22T03:52:41Z,CTM1022,"50.111629,22.017469",0,20,90
1684727568,2023-05-22T03:52:48Z,CTM1022,"50.111607,22.01848",0,21,92
1684727574,2023-05-22T03:52:54Z,CTM1022,"50.111599,22.019367",0,23,92
1684727580,2023-05-22T03:53:00Z,CTM1022,"50.111576,22.020481",0,20,92
1684727586,2023-05-22T03:53:06Z,CTM1022,"50.111576,22.021185",0,16,90
1684727591,2023-05-22T03:53:11Z,CTM1022,"50.111576,22.021723",0,13,90
1684727597,2023-05-22T03:53:17Z,CTM1022,"50.111561,22.022184",0,10,90
1684727604,2023-05-22T03:53:24Z,CTM1022,"50.111561,22.022564",0,7,90
1684727609,2023-05-22T03:53:29Z,CTM1022,"50.111622,22.0228",0,8,75
1684727615,2023-05-22T03:53:35Z,CTM1022,"50.111866,22.022985",0,10,36
1684727620,2023-05-22T03:53:40Z,CTM1022,"50.11211,22.022999",0,11,11
1684727624,2023-05-22T03:53:44Z,CTM1022,"50.112339,22.02298",0,11,2
1684727628,2023-05-22T03:53:48Z,CTM1022,"50.112553,22.022985",0,13,2
1684727632,2023-05-22T03:53:52Z,CTM1022,"50.112808,22.022999",0,13,2
1684727636,2023-05-22T03:53:56Z,CTM1022,"50.113014,22.023016",0,10,2
1684727643,2023-05-22T03:54:03Z,CTM1022,"50.113232,22.023233",0,9,28
1684727648,2023-05-22T03:54:08Z,CTM1022,"50.113289,22.023485",0,8,56
1684727652,2023-05-22T03:54:12Z,CTM1022,"50.113277,22.023722",0,8,73
1684727655,2023-05-22T03:54:15Z,CTM1022,"50.113262,22.023932",0,8,84
1684727658,2023-05-22T03:54:18Z,CTM1022,"50.113255,22.024137",0,9,90
1684727661,2023-05-22T03:54:21Z,CTM1022,"50.113243,22.024353",0,10,90
1684727664,2023-05-22T03:54:24Z,CTM1022,"50.113243,22.02457",0,10,90
1684727667,2023-05-22T03:54:27Z,CTM1022,"50.113232,22.024841",0,11,92
1684727670,2023-05-22T03:54:30Z,CTM1022,"50.113228,22.025082",0,12,92
1684727675,2023-05-22T03:54:35Z,CTM1022,"50.113228,22.025547",0,13,90
1684727682,2023-05-22T03:54:42Z,CTM1022,"50.113216,22.026011",0,8,90
1684727689,2023-05-22T03:54:49Z,CTM1022,"50.11322,22.026215",0,4,87
1684727700,2023-05-22T03:55:00Z,CTM1022,"50.113426,22.026323",0,4,42
1684727712,2023-05-22T03:55:12Z,CTM1022,"50.113644,22.026232",0,4,5
1684727721,2023-05-22T03:55:21Z,CTM1022,"50.113846,22.026234",0,5,2
1684727731,2023-05-22T03:55:31Z,CTM1022,"50.114067,22.026251",0,5,2
1684727748,2023-05-22T03:55:48Z,CTM1022,"50.114277,22.026251",0,1,2